event_name,date,revenue
view_item,2024-01-15,0.0
session_start,2024-01-07,0.0
view_item,2024-01-27,0.0
session_start,2024-01-21,0.0
session_start,2024-01-14,0.0
purchase,2024-01-28,355.59
session_start,2024-01-11,0.0
session_start,2024-01-08,0.0
add_to_cart,2024-01-07,0.0
session_start,2024-01-02,0.0
add_to_cart,2024-01-27,0.0
view_item,2024-01-01,0.0
add_to_cart,2024-01-20,0.0
view_item,2024-01-11,0.0
view_item,2024-01-01,0.0
view_item,2024-01-31,0.0
session_start,2024-01-08,0.0
add_to_cart,2024-02-01,0.0
add_to_cart,2024-01-24,0.0
add_to_cart,2024-01-05,0.0
add_to_cart,2024-01-24,0.0
view_item,2024-01-04,0.0
begin_checkout,2024-01-01,0.0
begin_checkout,2024-01-29,0.0
session_start,2024-01-01,0.0
begin_checkout,2024-01-09,0.0
add_to_cart,2024-01-25,0.0
add_to_cart,2024-01-05,0.0
session_start,2024-01-07,0.0
view_item,2024-01-21,0.0
view_item,2024-01-29,0.0
add_to_cart,2024-01-13,0.0
session_start,2024-01-15,0.0
session_start,2024-01-02,0.0
session_start,2024-01-24,0.0
session_start,2024-01-28,0.0
add_to_cart,2024-01-22,0.0
view_item,2024-01-07,0.0
view_item,2024-01-15,0.0
add_to_cart,2024-01-03,0.0
view_item,2024-01-18,0.0
add_to_cart,2024-01-30,0.0
add_to_cart,2024-01-13,0.0
session_start,2024-01-29,0.0
session_start,2024-01-29,0.0
session_start,2024-01-22,0.0
view_item,2024-01-05,0.0
add_to_cart,2024-01-03,0.0
view_item,2024-01-02,0.0
add_to_cart,2024-01-07,0.0
session_start,2024-01-29,0.0
add_to_cart,2024-01-26,0.0
session_start,2024-01-03,0.0
session_start,2024-01-21,0.0
add_to_cart,2024-01-10,0.0
session_start,2024-01-07,0.0
session_start,2024-01-23,0.0
add_to_cart,2024-01-26,0.0
purchase,2024-01-12,90.48
add_to_cart,2024-01-28,0.0
begin_checkout,2024-01-20,0.0
session_start,2024-01-14,0.0
begin_checkout,2024-01-21,0.0
session_start,2024-01-07,0.0
begin_checkout,2024-01-09,0.0
view_item,2024-01-02,0.0
session_start,2024-01-25,0.0
view_item,2024-01-15,0.0
add_to_cart,2024-01-29,0.0
purchase,2024-01-15,409.65
purchase,2024-01-18,256.22
view_item,2024-01-12,0.0
session_start,2024-01-20,0.0
begin_checkout,2024-01-21,0.0
view_item,2024-01-11,0.0
view_item,2024-01-22,0.0
purchase,2024-01-13,424.78
purchase,2024-01-19,141.16
session_start,2024-01-21,0.0
view_item,2024-01-24,0.0
view_item,2024-01-26,0.0
session_start,2024-01-22,0.0
purchase,2024-01-12,26.62
view_item,2024-01-16,0.0
session_start,2024-01-23,0.0
add_to_cart,2024-01-10,0.0
view_item,2024-01-21,0.0
begin_checkout,2024-01-06,0.0
add_to_cart,2024-01-25,0.0
begin_checkout,2024-01-30,0.0
session_start,2024-01-21,0.0
view_item,2024-01-16,0.0
begin_checkout,2024-01-02,0.0
session_start,2024-01-22,0.0
view_item,2024-01-31,0.0
view_item,2024-01-04,0.0
view_item,2024-01-17,0.0
add_to_cart,2024-01-25,0.0
view_item,2024-01-19,0.0
begin_checkout,2024-01-19,0.0
session_start,2024-01-21,0.0
begin_checkout,2024-01-21,0.0
view_item,2024-01-05,0.0
session_start,2024-01-12,0.0
purchase,2024-01-22,439.92
begin_checkout,2024-01-02,0.0
session_start,2024-01-10,0.0
view_item,2024-01-10,0.0
session_start,2024-01-15,0.0
session_start,2024-01-10,0.0
add_to_cart,2024-01-26,0.0
add_to_cart,2024-01-11,0.0
view_item,2024-01-14,0.0
begin_checkout,2024-02-01,0.0
session_start,2024-01-27,0.0
purchase,2024-01-04,230.23
session_start,2024-01-20,0.0
view_item,2024-01-02,0.0
purchase,2024-01-21,380.77
session_start,2024-02-01,0.0
add_to_cart,2024-01-20,0.0
session_start,2024-01-10,0.0
view_item,2024-01-21,0.0
session_start,2024-01-15,0.0
view_item,2024-02-01,0.0
add_to_cart,2024-01-27,0.0
add_to_cart,2024-01-29,0.0
view_item,2024-01-02,0.0
begin_checkout,2024-02-01,0.0
session_start,2024-01-16,0.0
session_start,2024-01-10,0.0
session_start,2024-01-06,0.0
session_start,2024-01-01,0.0
view_item,2024-01-02,0.0
view_item,2024-01-06,0.0
purchase,2024-01-23,419.82
add_to_cart,2024-02-01,0.0
session_start,2024-01-01,0.0
session_start,2024-01-27,0.0
view_item,2024-01-15,0.0
add_to_cart,2024-01-02,0.0
purchase,2024-01-20,402.5
view_item,2024-01-07,0.0
view_item,2024-01-12,0.0
add_to_cart,2024-01-20,0.0
session_start,2024-01-28,0.0
view_item,2024-01-17,0.0
view_item,2024-01-31,0.0
view_item,2024-01-20,0.0
session_start,2024-01-20,0.0
session_start,2024-01-22,0.0
purchase,2024-01-30,389.18
session_start,2024-01-22,0.0
view_item,2024-01-02,0.0
add_to_cart,2024-01-04,0.0
session_start,2024-01-22,0.0
session_start,2024-01-06,0.0
view_item,2024-01-09,0.0
session_start,2024-01-25,0.0
purchase,2024-01-20,67.13
session_start,2024-01-31,0.0
begin_checkout,2024-01-08,0.0
begin_checkout,2024-01-16,0.0
begin_checkout,2024-01-17,0.0
add_to_cart,2024-01-06,0.0
session_start,2024-01-28,0.0
view_item,2024-01-14,0.0
view_item,2024-02-01,0.0
view_item,2024-01-16,0.0
view_item,2024-01-11,0.0
view_item,2024-01-11,0.0
session_start,2024-01-31,0.0
view_item,2024-01-27,0.0
purchase,2024-01-14,27.39
session_start,2024-01-08,0.0
begin_checkout,2024-01-18,0.0
purchase,2024-01-15,174.49
view_item,2024-01-22,0.0
begin_checkout,2024-01-30,0.0
session_start,2024-01-18,0.0
purchase,2024-01-07,169.56
session_start,2024-01-12,0.0
session_start,2024-02-01,0.0
add_to_cart,2024-01-18,0.0
view_item,2024-01-24,0.0
purchase,2024-02-01,450.42
add_to_cart,2024-01-08,0.0
session_start,2024-01-23,0.0
purchase,2024-01-20,98.59
view_item,2024-01-25,0.0
session_start,2024-01-08,0.0
view_item,2024-01-26,0.0
session_start,2024-01-21,0.0
session_start,2024-01-07,0.0
session_start,2024-01-23,0.0
view_item,2024-01-09,0.0
session_start,2024-01-10,0.0
purchase,2024-01-17,339.51
view_item,2024-01-31,0.0
session_start,2024-01-20,0.0
begin_checkout,2024-01-11,0.0
session_start,2024-02-01,0.0
purchase,2024-01-13,70.68
begin_checkout,2024-01-09,0.0
session_start,2024-01-08,0.0
session_start,2024-01-20,0.0
session_start,2024-01-21,0.0
view_item,2024-01-13,0.0
session_start,2024-01-25,0.0
add_to_cart,2024-01-12,0.0
view_item,2024-01-02,0.0
begin_checkout,2024-01-25,0.0
session_start,2024-01-15,0.0
session_start,2024-01-25,0.0
begin_checkout,2024-01-21,0.0
purchase,2024-01-12,328.5
session_start,2024-01-05,0.0
session_start,2024-01-02,0.0
begin_checkout,2024-01-15,0.0
view_item,2024-01-14,0.0
begin_checkout,2024-01-28,0.0
session_start,2024-01-30,0.0
session_start,2024-01-13,0.0
view_item,2024-01-17,0.0
add_to_cart,2024-01-17,0.0
view_item,2024-01-12,0.0
add_to_cart,2024-01-01,0.0
view_item,2024-01-12,0.0
begin_checkout,2024-01-15,0.0
view_item,2024-01-15,0.0
begin_checkout,2024-01-20,0.0
session_start,2024-01-13,0.0
view_item,2024-01-20,0.0
add_to_cart,2024-01-14,0.0
session_start,2024-01-27,0.0
add_to_cart,2024-01-28,0.0
view_item,2024-01-23,0.0
view_item,2024-01-06,0.0
begin_checkout,2024-01-24,0.0
view_item,2024-01-01,0.0
session_start,2024-02-01,0.0
purchase,2024-01-08,238.03
session_start,2024-01-12,0.0
begin_checkout,2024-01-28,0.0
begin_checkout,2024-01-31,0.0
view_item,2024-01-21,0.0
add_to_cart,2024-01-09,0.0
view_item,2024-01-11,0.0
session_start,2024-01-03,0.0
session_start,2024-01-13,0.0
view_item,2024-01-02,0.0
view_item,2024-01-08,0.0
add_to_cart,2024-01-18,0.0
view_item,2024-01-13,0.0
add_to_cart,2024-01-24,0.0
add_to_cart,2024-01-18,0.0
purchase,2024-01-31,377.8
purchase,2024-01-01,243.31
begin_checkout,2024-01-24,0.0
view_item,2024-01-17,0.0
view_item,2024-01-22,0.0
view_item,2024-01-12,0.0
view_item,2024-01-13,0.0
session_start,2024-01-12,0.0
add_to_cart,2024-02-01,0.0
session_start,2024-01-05,0.0
begin_checkout,2024-01-26,0.0
add_to_cart,2024-01-07,0.0
session_start,2024-01-20,0.0
begin_checkout,2024-01-12,0.0
add_to_cart,2024-01-20,0.0
session_start,2024-01-31,0.0
begin_checkout,2024-01-21,0.0
session_start,2024-01-18,0.0
view_item,2024-01-28,0.0
session_start,2024-01-04,0.0
add_to_cart,2024-01-20,0.0
begin_checkout,2024-01-30,0.0
session_start,2024-01-17,0.0
view_item,2024-01-15,0.0
view_item,2024-01-14,0.0
purchase,2024-01-09,303.49
add_to_cart,2024-01-18,0.0
view_item,2024-01-15,0.0
begin_checkout,2024-01-18,0.0
add_to_cart,2024-01-27,0.0
purchase,2024-01-02,37.05
session_start,2024-01-17,0.0
view_item,2024-01-19,0.0
view_item,2024-01-19,0.0
add_to_cart,2024-01-24,0.0
begin_checkout,2024-01-26,0.0
add_to_cart,2024-01-11,0.0
view_item,2024-01-31,0.0
session_start,2024-01-24,0.0
add_to_cart,2024-01-10,0.0
view_item,2024-01-03,0.0
add_to_cart,2024-01-04,0.0
view_item,2024-01-10,0.0
purchase,2024-01-01,458.34
begin_checkout,2024-01-28,0.0
add_to_cart,2024-01-31,0.0
session_start,2024-01-26,0.0
session_start,2024-01-17,0.0
add_to_cart,2024-01-02,0.0
view_item,2024-01-26,0.0
session_start,2024-01-02,0.0
add_to_cart,2024-01-05,0.0
session_start,2024-01-31,0.0
session_start,2024-01-15,0.0
add_to_cart,2024-01-14,0.0
add_to_cart,2024-01-01,0.0
begin_checkout,2024-01-02,0.0
session_start,2024-01-16,0.0
add_to_cart,2024-01-31,0.0
purchase,2024-01-13,320.51
session_start,2024-01-18,0.0
session_start,2024-01-02,0.0
session_start,2024-01-26,0.0
add_to_cart,2024-01-27,0.0
session_start,2024-01-27,0.0
purchase,2024-01-17,267.91
begin_checkout,2024-01-09,0.0
view_item,2024-01-11,0.0
begin_checkout,2024-01-05,0.0
session_start,2024-01-05,0.0
begin_checkout,2024-01-20,0.0
add_to_cart,2024-01-03,0.0
session_start,2024-01-09,0.0
add_to_cart,2024-01-11,0.0
begin_checkout,2024-01-08,0.0
add_to_cart,2024-01-31,0.0
view_item,2024-01-06,0.0
session_start,2024-01-25,0.0
begin_checkout,2024-01-14,0.0
session_start,2024-01-06,0.0
view_item,2024-01-06,0.0
view_item,2024-01-07,0.0
begin_checkout,2024-01-17,0.0
session_start,2024-01-02,0.0
view_item,2024-01-28,0.0
add_to_cart,2024-01-06,0.0
add_to_cart,2024-01-22,0.0
view_item,2024-01-04,0.0
session_start,2024-01-29,0.0
session_start,2024-01-07,0.0
session_start,2024-01-08,0.0
begin_checkout,2024-01-29,0.0
purchase,2024-01-02,209.04
session_start,2024-01-22,0.0
purchase,2024-01-30,291.05
session_start,2024-01-13,0.0
view_item,2024-01-13,0.0
session_start,2024-01-28,0.0
session_start,2024-01-29,0.0
session_start,2024-01-21,0.0
view_item,2024-01-08,0.0
add_to_cart,2024-01-10,0.0
view_item,2024-01-11,0.0
session_start,2024-01-18,0.0
purchase,2024-02-01,442.26
begin_checkout,2024-01-20,0.0
view_item,2024-01-12,0.0
add_to_cart,2024-01-25,0.0
view_item,2024-01-29,0.0
session_start,2024-01-31,0.0
session_start,2024-01-30,0.0
begin_checkout,2024-01-23,0.0
view_item,2024-01-03,0.0
purchase,2024-01-24,270.43
view_item,2024-01-10,0.0
session_start,2024-01-17,0.0
add_to_cart,2024-01-02,0.0
view_item,2024-01-20,0.0
add_to_cart,2024-01-12,0.0
view_item,2024-01-08,0.0
session_start,2024-01-03,0.0
add_to_cart,2024-01-10,0.0
session_start,2024-01-14,0.0
session_start,2024-01-04,0.0
session_start,2024-01-17,0.0
add_to_cart,2024-01-29,0.0
view_item,2024-01-23,0.0
view_item,2024-02-01,0.0
add_to_cart,2024-01-06,0.0
add_to_cart,2024-01-07,0.0
add_to_cart,2024-01-21,0.0
add_to_cart,2024-01-11,0.0
view_item,2024-01-14,0.0
view_item,2024-01-17,0.0
session_start,2024-01-07,0.0
session_start,2024-01-06,0.0
add_to_cart,2024-01-02,0.0
begin_checkout,2024-01-09,0.0
begin_checkout,2024-01-15,0.0
begin_checkout,2024-01-29,0.0
view_item,2024-01-30,0.0
session_start,2024-01-04,0.0
add_to_cart,2024-01-28,0.0
add_to_cart,2024-01-30,0.0
session_start,2024-01-18,0.0
session_start,2024-01-15,0.0
session_start,2024-01-20,0.0
session_start,2024-01-18,0.0
purchase,2024-01-04,488.69
session_start,2024-01-05,0.0
view_item,2024-01-17,0.0
view_item,2024-01-03,0.0
view_item,2024-01-22,0.0
session_start,2024-01-26,0.0
add_to_cart,2024-01-18,0.0
view_item,2024-01-18,0.0
add_to_cart,2024-01-15,0.0
session_start,2024-01-15,0.0
session_start,2024-01-13,0.0
session_start,2024-01-24,0.0
purchase,2024-01-02,215.81
begin_checkout,2024-01-30,0.0
view_item,2024-01-11,0.0
add_to_cart,2024-01-26,0.0
begin_checkout,2024-01-28,0.0
view_item,2024-01-31,0.0
add_to_cart,2024-01-11,0.0
add_to_cart,2024-01-25,0.0
session_start,2024-01-24,0.0
purchase,2024-01-15,192.5
view_item,2024-01-15,0.0
session_start,2024-01-24,0.0
session_start,2024-01-08,0.0
begin_checkout,2024-01-30,0.0
session_start,2024-01-14,0.0
view_item,2024-01-29,0.0
session_start,2024-01-27,0.0
view_item,2024-01-08,0.0
add_to_cart,2024-01-08,0.0
session_start,2024-01-07,0.0
view_item,2024-01-03,0.0
session_start,2024-01-10,0.0
session_start,2024-01-29,0.0
session_start,2024-01-06,0.0
view_item,2024-01-29,0.0
view_item,2024-01-31,0.0
begin_checkout,2024-01-26,0.0
purchase,2024-01-16,39.3
session_start,2024-01-26,0.0
begin_checkout,2024-01-31,0.0
view_item,2024-01-14,0.0
add_to_cart,2024-01-10,0.0
begin_checkout,2024-01-29,0.0
session_start,2024-01-06,0.0
view_item,2024-01-18,0.0
view_item,2024-01-13,0.0
begin_checkout,2024-01-24,0.0
add_to_cart,2024-01-03,0.0
session_start,2024-01-13,0.0
session_start,2024-01-23,0.0
add_to_cart,2024-01-18,0.0
begin_checkout,2024-01-12,0.0
add_to_cart,2024-01-29,0.0
session_start,2024-01-05,0.0
add_to_cart,2024-01-14,0.0
session_start,2024-01-05,0.0
session_start,2024-01-12,0.0
session_start,2024-01-04,0.0
view_item,2024-01-13,0.0
add_to_cart,2024-01-29,0.0
begin_checkout,2024-01-03,0.0
begin_checkout,2024-01-24,0.0
session_start,2024-01-11,0.0
begin_checkout,2024-01-24,0.0
session_start,2024-01-01,0.0
begin_checkout,2024-01-20,0.0
session_start,2024-01-02,0.0
add_to_cart,2024-01-17,0.0
session_start,2024-01-31,0.0
add_to_cart,2024-01-17,0.0
begin_checkout,2024-01-29,0.0
begin_checkout,2024-01-22,0.0
session_start,2024-02-01,0.0
view_item,2024-01-14,0.0
view_item,2024-01-26,0.0
view_item,2024-01-14,0.0
add_to_cart,2024-01-07,0.0
begin_checkout,2024-01-07,0.0
session_start,2024-01-19,0.0
add_to_cart,2024-01-02,0.0
begin_checkout,2024-01-29,0.0
session_start,2024-01-29,0.0
begin_checkout,2024-01-17,0.0
add_to_cart,2024-01-12,0.0
view_item,2024-01-16,0.0
add_to_cart,2024-01-12,0.0
begin_checkout,2024-01-31,0.0
begin_checkout,2024-01-27,0.0
view_item,2024-01-29,0.0
begin_checkout,2024-01-30,0.0
session_start,2024-01-20,0.0
view_item,2024-01-27,0.0
add_to_cart,2024-01-19,0.0
session_start,2024-01-21,0.0
add_to_cart,2024-01-04,0.0
session_start,2024-01-24,0.0
view_item,2024-01-08,0.0
add_to_cart,2024-01-23,0.0
add_to_cart,2024-01-15,0.0
session_start,2024-01-22,0.0
view_item,2024-01-25,0.0
view_item,2024-01-26,0.0
add_to_cart,2024-01-05,0.0
session_start,2024-01-26,0.0
purchase,2024-01-03,183.29
session_start,2024-01-30,0.0
view_item,2024-01-12,0.0
begin_checkout,2024-01-14,0.0
add_to_cart,2024-01-26,0.0
purchase,2024-01-07,374.34
session_start,2024-01-07,0.0
add_to_cart,2024-01-14,0.0
begin_checkout,2024-01-26,0.0
session_start,2024-01-26,0.0
add_to_cart,2024-01-11,0.0
session_start,2024-01-17,0.0
view_item,2024-01-28,0.0
session_start,2024-01-24,0.0
session_start,2024-01-20,0.0
add_to_cart,2024-01-04,0.0
view_item,2024-02-01,0.0
view_item,2024-01-31,0.0
add_to_cart,2024-02-01,0.0
add_to_cart,2024-01-14,0.0
add_to_cart,2024-01-26,0.0
add_to_cart,2024-01-02,0.0
add_to_cart,2024-01-09,0.0
session_start,2024-01-14,0.0
view_item,2024-01-29,0.0
add_to_cart,2024-01-25,0.0
add_to_cart,2024-01-04,0.0
begin_checkout,2024-01-20,0.0
begin_checkout,2024-01-21,0.0
purchase,2024-01-29,408.67
session_start,2024-01-06,0.0
add_to_cart,2024-01-17,0.0
view_item,2024-01-26,0.0
session_start,2024-01-13,0.0
view_item,2024-01-31,0.0
session_start,2024-01-15,0.0
purchase,2024-01-05,372.89
session_start,2024-01-04,0.0
session_start,2024-01-12,0.0
view_item,2024-01-10,0.0
session_start,2024-01-24,0.0
add_to_cart,2024-01-01,0.0
add_to_cart,2024-01-20,0.0
purchase,2024-01-24,343.54
session_start,2024-01-05,0.0
purchase,2024-01-07,434.82
session_start,2024-01-15,0.0
purchase,2024-01-16,276.72
view_item,2024-01-21,0.0
begin_checkout,2024-01-26,0.0
purchase,2024-01-18,10.74
session_start,2024-01-30,0.0
begin_checkout,2024-01-13,0.0
add_to_cart,2024-01-13,0.0
view_item,2024-01-21,0.0
view_item,2024-01-28,0.0
begin_checkout,2024-01-21,0.0
purchase,2024-01-12,40.25
add_to_cart,2024-01-14,0.0
session_start,2024-01-11,0.0
session_start,2024-01-10,0.0
session_start,2024-01-30,0.0
add_to_cart,2024-01-07,0.0
view_item,2024-01-15,0.0
add_to_cart,2024-01-27,0.0
begin_checkout,2024-01-07,0.0
add_to_cart,2024-01-20,0.0
view_item,2024-01-30,0.0
begin_checkout,2024-01-27,0.0
session_start,2024-01-29,0.0
session_start,2024-01-02,0.0
add_to_cart,2024-01-08,0.0
view_item,2024-01-02,0.0
view_item,2024-01-17,0.0
view_item,2024-01-11,0.0
view_item,2024-01-02,0.0
view_item,2024-01-23,0.0
session_start,2024-01-19,0.0
session_start,2024-01-09,0.0
view_item,2024-01-02,0.0
session_start,2024-01-21,0.0
add_to_cart,2024-01-24,0.0
begin_checkout,2024-01-01,0.0
session_start,2024-01-09,0.0
view_item,2024-01-21,0.0
view_item,2024-02-01,0.0
session_start,2024-01-19,0.0
begin_checkout,2024-01-28,0.0
begin_checkout,2024-01-13,0.0
session_start,2024-01-03,0.0
begin_checkout,2024-01-19,0.0
purchase,2024-01-17,469.51
add_to_cart,2024-01-24,0.0
view_item,2024-01-19,0.0
add_to_cart,2024-01-01,0.0
add_to_cart,2024-02-01,0.0
begin_checkout,2024-01-07,0.0
view_item,2024-01-23,0.0
session_start,2024-01-30,0.0
begin_checkout,2024-01-11,0.0
session_start,2024-01-11,0.0
session_start,2024-01-22,0.0
session_start,2024-01-24,0.0
add_to_cart,2024-01-06,0.0
view_item,2024-01-29,0.0
begin_checkout,2024-01-26,0.0
purchase,2024-02-01,366.9
view_item,2024-01-05,0.0
view_item,2024-01-12,0.0
add_to_cart,2024-01-23,0.0
view_item,2024-01-03,0.0
begin_checkout,2024-01-10,0.0
session_start,2024-01-07,0.0
view_item,2024-01-28,0.0
view_item,2024-01-14,0.0
view_item,2024-01-26,0.0
purchase,2024-01-27,39.6
begin_checkout,2024-01-16,0.0
view_item,2024-01-25,0.0
session_start,2024-01-04,0.0
session_start,2024-01-20,0.0
purchase,2024-01-08,289.91
view_item,2024-01-19,0.0
view_item,2024-01-08,0.0
session_start,2024-01-24,0.0
view_item,2024-01-05,0.0
session_start,2024-01-21,0.0
session_start,2024-01-31,0.0
add_to_cart,2024-02-01,0.0
begin_checkout,2024-01-13,0.0
view_item,2024-01-10,0.0
session_start,2024-01-21,0.0
view_item,2024-01-19,0.0
view_item,2024-01-10,0.0
session_start,2024-01-23,0.0
begin_checkout,2024-01-24,0.0
add_to_cart,2024-01-03,0.0
view_item,2024-01-10,0.0
view_item,2024-01-23,0.0
add_to_cart,2024-01-22,0.0
add_to_cart,2024-01-15,0.0
session_start,2024-01-01,0.0
session_start,2024-01-13,0.0
session_start,2024-01-14,0.0
add_to_cart,2024-01-09,0.0
add_to_cart,2024-01-05,0.0
session_start,2024-01-13,0.0
session_start,2024-01-29,0.0
view_item,2024-01-21,0.0
begin_checkout,2024-01-30,0.0
view_item,2024-01-12,0.0
add_to_cart,2024-01-26,0.0
session_start,2024-01-29,0.0
session_start,2024-01-13,0.0
session_start,2024-01-08,0.0
begin_checkout,2024-01-24,0.0
view_item,2024-01-03,0.0
view_item,2024-01-22,0.0
view_item,2024-01-31,0.0
view_item,2024-01-27,0.0
add_to_cart,2024-01-30,0.0
add_to_cart,2024-01-05,0.0
view_item,2024-02-01,0.0
session_start,2024-01-12,0.0
session_start,2024-01-26,0.0
session_start,2024-01-14,0.0
view_item,2024-01-11,0.0
view_item,2024-01-16,0.0
session_start,2024-01-19,0.0
session_start,2024-01-21,0.0
purchase,2024-02-01,310.57
session_start,2024-01-08,0.0
view_item,2024-01-28,0.0
view_item,2024-01-04,0.0
view_item,2024-01-21,0.0
session_start,2024-01-23,0.0
session_start,2024-01-05,0.0
view_item,2024-01-19,0.0
view_item,2024-01-04,0.0
view_item,2024-01-09,0.0
session_start,2024-01-17,0.0
purchase,2024-01-02,384.11
purchase,2024-01-03,439.0
session_start,2024-01-21,0.0
session_start,2024-01-19,0.0
session_start,2024-01-02,0.0
purchase,2024-01-16,436.79
view_item,2024-01-15,0.0
view_item,2024-01-17,0.0
session_start,2024-01-11,0.0
add_to_cart,2024-01-25,0.0
session_start,2024-01-09,0.0
session_start,2024-01-31,0.0
view_item,2024-01-21,0.0
session_start,2024-01-10,0.0
begin_checkout,2024-01-12,0.0
view_item,2024-01-08,0.0
view_item,2024-01-26,0.0
purchase,2024-01-08,346.43
add_to_cart,2024-01-06,0.0
session_start,2024-01-15,0.0
session_start,2024-01-20,0.0
purchase,2024-01-11,432.39
add_to_cart,2024-01-21,0.0
view_item,2024-01-28,0.0
view_item,2024-01-22,0.0
view_item,2024-01-18,0.0
session_start,2024-01-10,0.0
session_start,2024-01-25,0.0
add_to_cart,2024-01-09,0.0
session_start,2024-01-22,0.0
view_item,2024-01-18,0.0
session_start,2024-01-30,0.0
begin_checkout,2024-01-09,0.0
add_to_cart,2024-01-03,0.0
view_item,2024-01-31,0.0
view_item,2024-01-17,0.0
session_start,2024-01-15,0.0
view_item,2024-01-18,0.0
begin_checkout,2024-01-07,0.0
session_start,2024-01-01,0.0
session_start,2024-01-24,0.0
session_start,2024-01-22,0.0
session_start,2024-01-14,0.0
purchase,2024-01-21,267.29
view_item,2024-01-14,0.0
session_start,2024-01-27,0.0
add_to_cart,2024-01-12,0.0
add_to_cart,2024-01-14,0.0
begin_checkout,2024-01-28,0.0
add_to_cart,2024-01-18,0.0
view_item,2024-01-30,0.0
begin_checkout,2024-01-15,0.0
purchase,2024-01-09,178.05
view_item,2024-01-25,0.0
view_item,2024-01-26,0.0
view_item,2024-02-01,0.0
add_to_cart,2024-01-18,0.0
purchase,2024-01-15,157.93
view_item,2024-01-25,0.0
add_to_cart,2024-01-07,0.0
session_start,2024-01-05,0.0
view_item,2024-01-24,0.0
view_item,2024-01-22,0.0
add_to_cart,2024-01-25,0.0
session_start,2024-01-08,0.0
view_item,2024-01-29,0.0
begin_checkout,2024-01-11,0.0
session_start,2024-01-18,0.0
view_item,2024-01-23,0.0
session_start,2024-01-01,0.0
add_to_cart,2024-01-04,0.0
add_to_cart,2024-01-14,0.0
add_to_cart,2024-01-27,0.0
view_item,2024-01-25,0.0
session_start,2024-01-23,0.0
session_start,2024-02-01,0.0
session_start,2024-01-18,0.0
view_item,2024-01-10,0.0
session_start,2024-01-08,0.0
view_item,2024-01-18,0.0
session_start,2024-01-26,0.0
add_to_cart,2024-01-18,0.0
session_start,2024-01-19,0.0
session_start,2024-01-20,0.0
session_start,2024-01-12,0.0
add_to_cart,2024-01-29,0.0
session_start,2024-01-10,0.0
purchase,2024-01-22,484.69
add_to_cart,2024-01-16,0.0
add_to_cart,2024-01-24,0.0
add_to_cart,2024-01-30,0.0
add_to_cart,2024-01-30,0.0
view_item,2024-01-14,0.0
session_start,2024-01-03,0.0
add_to_cart,2024-01-17,0.0
purchase,2024-01-12,275.29
session_start,2024-02-01,0.0
session_start,2024-01-11,0.0
session_start,2024-01-02,0.0
add_to_cart,2024-01-09,0.0
session_start,2024-01-21,0.0
add_to_cart,2024-01-18,0.0
add_to_cart,2024-01-30,0.0
view_item,2024-01-14,0.0
session_start,2024-01-21,0.0
view_item,2024-01-05,0.0
add_to_cart,2024-01-05,0.0
session_start,2024-01-13,0.0
session_start,2024-01-20,0.0
begin_checkout,2024-01-24,0.0
session_start,2024-01-25,0.0
add_to_cart,2024-01-29,0.0
session_start,2024-01-10,0.0
session_start,2024-01-19,0.0
session_start,2024-01-01,0.0
session_start,2024-01-01,0.0
view_item,2024-01-07,0.0
purchase,2024-01-07,155.4
view_item,2024-01-25,0.0
add_to_cart,2024-01-17,0.0
view_item,2024-01-14,0.0
view_item,2024-01-31,0.0
view_item,2024-01-14,0.0
session_start,2024-01-11,0.0
session_start,2024-01-04,0.0
add_to_cart,2024-01-08,0.0
add_to_cart,2024-01-14,0.0
session_start,2024-01-13,0.0
session_start,2024-01-30,0.0
session_start,2024-01-27,0.0
view_item,2024-01-07,0.0
session_start,2024-01-30,0.0
session_start,2024-01-17,0.0
session_start,2024-02-01,0.0
session_start,2024-01-25,0.0
view_item,2024-01-12,0.0
session_start,2024-02-01,0.0
purchase,2024-01-03,454.37
session_start,2024-01-11,0.0
add_to_cart,2024-01-30,0.0
session_start,2024-01-23,0.0
view_item,2024-01-27,0.0
add_to_cart,2024-01-15,0.0
session_start,2024-01-20,0.0
view_item,2024-01-23,0.0
session_start,2024-01-30,0.0
session_start,2024-01-18,0.0
session_start,2024-01-06,0.0
session_start,2024-01-02,0.0
session_start,2024-01-08,0.0
add_to_cart,2024-01-03,0.0
begin_checkout,2024-01-18,0.0
view_item,2024-02-01,0.0
view_item,2024-01-31,0.0
session_start,2024-01-14,0.0
purchase,2024-01-27,493.65
add_to_cart,2024-02-01,0.0
begin_checkout,2024-01-08,0.0
purchase,2024-01-20,28.61
purchase,2024-02-01,390.49
session_start,2024-01-26,0.0
session_start,2024-01-30,0.0
add_to_cart,2024-01-05,0.0
purchase,2024-01-12,221.52
begin_checkout,2024-01-27,0.0
view_item,2024-01-30,0.0
session_start,2024-01-29,0.0
session_start,2024-01-02,0.0
view_item,2024-01-11,0.0
add_to_cart,2024-01-17,0.0
session_start,2024-01-30,0.0
session_start,2024-01-18,0.0
view_item,2024-01-07,0.0
add_to_cart,2024-01-22,0.0
begin_checkout,2024-01-19,0.0
session_start,2024-01-09,0.0
purchase,2024-01-26,293.69
view_item,2024-01-09,0.0
add_to_cart,2024-01-02,0.0
begin_checkout,2024-01-18,0.0
add_to_cart,2024-01-28,0.0
session_start,2024-01-31,0.0
session_start,2024-01-08,0.0
begin_checkout,2024-01-10,0.0
add_to_cart,2024-01-06,0.0
view_item,2024-01-27,0.0
add_to_cart,2024-01-28,0.0
view_item,2024-01-09,0.0
add_to_cart,2024-01-27,0.0
session_start,2024-01-01,0.0
purchase,2024-01-08,111.89
session_start,2024-01-07,0.0
purchase,2024-01-11,480.57
view_item,2024-01-12,0.0
purchase,2024-01-11,429.24
begin_checkout,2024-01-29,0.0
view_item,2024-01-01,0.0
add_to_cart,2024-01-15,0.0
view_item,2024-01-11,0.0
add_to_cart,2024-01-14,0.0
session_start,2024-01-08,0.0
view_item,2024-01-09,0.0
session_start,2024-01-12,0.0
session_start,2024-02-01,0.0
add_to_cart,2024-01-31,0.0
session_start,2024-01-25,0.0
session_start,2024-01-04,0.0
add_to_cart,2024-01-02,0.0
begin_checkout,2024-01-09,0.0
view_item,2024-01-23,0.0
view_item,2024-01-29,0.0
begin_checkout,2024-01-13,0.0
add_to_cart,2024-01-03,0.0
session_start,2024-01-17,0.0
add_to_cart,2024-01-01,0.0
begin_checkout,2024-01-18,0.0
view_item,2024-01-04,0.0
begin_checkout,2024-01-24,0.0
session_start,2024-01-14,0.0
view_item,2024-01-26,0.0
view_item,2024-01-17,0.0
view_item,2024-01-17,0.0
add_to_cart,2024-01-23,0.0
session_start,2024-01-05,0.0
add_to_cart,2024-01-08,0.0
session_start,2024-01-30,0.0
session_start,2024-01-14,0.0
view_item,2024-01-12,0.0
add_to_cart,2024-01-08,0.0
view_item,2024-01-07,0.0
view_item,2024-01-27,0.0
session_start,2024-01-09,0.0
add_to_cart,2024-01-06,0.0
session_start,2024-01-30,0.0
add_to_cart,2024-01-28,0.0
session_start,2024-01-14,0.0
session_start,2024-01-30,0.0
add_to_cart,2024-01-30,0.0
begin_checkout,2024-01-07,0.0
add_to_cart,2024-01-02,0.0
add_to_cart,2024-01-07,0.0
view_item,2024-01-16,0.0
session_start,2024-01-12,0.0
add_to_cart,2024-01-28,0.0
view_item,2024-01-31,0.0
view_item,2024-01-09,0.0
session_start,2024-01-30,0.0
add_to_cart,2024-01-17,0.0
add_to_cart,2024-01-04,0.0
add_to_cart,2024-01-27,0.0
view_item,2024-01-06,0.0
view_item,2024-01-30,0.0
session_start,2024-01-28,0.0
session_start,2024-02-01,0.0
begin_checkout,2024-01-05,0.0
session_start,2024-01-16,0.0
session_start,2024-01-20,0.0
purchase,2024-01-25,63.22
purchase,2024-01-04,445.52
add_to_cart,2024-01-13,0.0
view_item,2024-01-23,0.0
session_start,2024-01-31,0.0
session_start,2024-01-22,0.0
add_to_cart,2024-01-06,0.0
view_item,2024-01-19,0.0
session_start,2024-01-17,0.0
session_start,2024-01-09,0.0
session_start,2024-01-07,0.0
purchase,2024-01-12,129.75
add_to_cart,2024-01-13,0.0
purchase,2024-01-19,37.94
session_start,2024-01-22,0.0
begin_checkout,2024-01-30,0.0
session_start,2024-01-15,0.0
purchase,2024-01-07,79.02
session_start,2024-01-06,0.0
view_item,2024-01-25,0.0
begin_checkout,2024-01-06,0.0
add_to_cart,2024-01-15,0.0
view_item,2024-01-02,0.0
add_to_cart,2024-01-10,0.0
view_item,2024-01-05,0.0
session_start,2024-02-01,0.0
add_to_cart,2024-01-17,0.0
add_to_cart,2024-02-01,0.0
begin_checkout,2024-01-25,0.0
session_start,2024-01-15,0.0
view_item,2024-01-21,0.0
session_start,2024-01-26,0.0
begin_checkout,2024-01-05,0.0
begin_checkout,2024-01-22,0.0
view_item,2024-02-01,0.0
view_item,2024-01-17,0.0
session_start,2024-01-31,0.0
add_to_cart,2024-01-25,0.0
session_start,2024-01-18,0.0
add_to_cart,2024-01-20,0.0
purchase,2024-01-19,290.23
add_to_cart,2024-01-29,0.0
add_to_cart,2024-01-06,0.0
add_to_cart,2024-01-07,0.0
session_start,2024-01-28,0.0
purchase,2024-01-28,43.94
session_start,2024-02-01,0.0
view_item,2024-01-23,0.0
session_start,2024-01-31,0.0
view_item,2024-01-02,0.0
add_to_cart,2024-01-30,0.0
purchase,2024-01-27,445.26
